Date,Open,High,Low,Close,Adj Close,Volume
2021-05-19,370.0,385.0,355.04998779296875,373.54998779296875,373.54998779296875,980578
2021-05-20,375.0,387.8999938964844,369.0,380.6000061035156,380.6000061035156,770879
2021-05-21,384.0,384.0,370.0,371.75,371.75,285335
2021-05-24,373.0,390.29998779296875,363.0,384.5,384.5,1326740
2021-05-25,403.70001220703125,403.70001220703125,396.0,403.70001220703125,403.70001220703125,1226669
2021-05-26,422.70001220703125,423.8500061035156,420.1000061035156,423.8500061035156,423.8500061035156,275113
2021-05-27,445.0,445.0,423.8500061035156,439.25,439.25,2706292
2021-05-28,449.0,449.0,425.0,428.04998779296875,428.04998779296875,966040
2021-05-31,423.0,431.0,407.6499938964844,410.04998779296875,410.04998779296875,516149
2021-06-01,410.5,426.1000061035156,410.0,415.29998779296875,415.29998779296875,544308
2021-06-02,419.79998779296875,421.54998779296875,412.0,415.3999938964844,415.3999938964844,292364
2021-06-03,399.0,409.8999938964844,398.0,400.95001220703125,400.95001220703125,904323
2021-06-04,403.5,405.0,390.0,392.0,392.0,384699
2021-06-07,399.79998779296875,404.0,392.0,394.54998779296875,394.54998779296875,304978
2021-06-08,396.0,398.8500061035156,380.70001220703125,382.5,382.5,449529
2021-06-09,386.20001220703125,386.20001220703125,366.5,368.1499938964844,368.1499938964844,526767
2021-06-10,363.20001220703125,380.0,360.20001220703125,377.5,377.5,633182
2021-06-11,380.0,407.95001220703125,378.45001220703125,396.5,396.5,849740
2021-06-14,399.0,404.5,381.0,395.1499938964844,395.1499938964844,458019
2021-06-15,395.0,403.45001220703125,388.29998779296875,390.29998779296875,390.29998779296875,273166
2021-06-16,390.0,394.25,383.0,385.8999938964844,385.8999938964844,175789
2021-06-17,375.0,386.1499938964844,374.0,375.70001220703125,375.70001220703125,181504
2021-06-18,377.04998779296875,382.0,364.0,370.5,370.5,165482
2021-06-21,370.5,373.5,362.6000061035156,365.54998779296875,365.54998779296875,129436
2021-06-22,366.04998779296875,397.29998779296875,366.04998779296875,383.25,383.25,607930
2021-06-23,385.79998779296875,385.8999938964844,373.8500061035156,375.70001220703125,375.70001220703125,80136
2021-06-24,373.0,381.6000061035156,370.70001220703125,373.25,373.25,101658
2021-06-25,376.0,386.79998779296875,374.45001220703125,379.3500061035156,379.3500061035156,180001
2021-06-28,373.0,382.95001220703125,373.0,377.1000061035156,377.1000061035156,76813
2021-06-29,379.8999938964844,384.25,373.29998779296875,374.3999938964844,374.3999938964844,96846
2021-06-30,375.0,380.29998779296875,370.6000061035156,371.45001220703125,371.45001220703125,65327
2021-07-01,373.0,383.0,371.54998779296875,372.5,372.5,88013
2021-07-02,379.95001220703125,380.8500061035156,374.1000061035156,378.3999938964844,378.3999938964844,140060
2021-07-05,412.29998779296875,412.29998779296875,393.29998779296875,397.79998779296875,397.79998779296875,894247
2021-07-06,403.0,403.54998779296875,386.0,386.95001220703125,386.95001220703125,259212
2021-07-07,390.1000061035156,390.6499938964844,378.0,379.95001220703125,379.95001220703125,98447
2021-07-08,380.0,381.95001220703125,371.5,373.70001220703125,373.70001220703125,103855
2021-07-09,380.0,382.0,375.5,376.75,376.75,87742
2021-07-12,376.04998779296875,380.3999938964844,373.5,374.79998779296875,374.79998779296875,64486
2021-07-13,377.0,379.70001220703125,371.75,373.1000061035156,373.1000061035156,94488
2021-07-14,374.95001220703125,374.95001220703125,369.0,369.95001220703125,369.95001220703125,87056
2021-07-15,370.95001220703125,372.79998779296875,362.54998779296875,365.04998779296875,365.04998779296875,146368
2021-07-16,369.45001220703125,369.45001220703125,356.20001220703125,358.8500061035156,358.8500061035156,239886
2021-07-19,355.0,362.79998779296875,349.0,351.29998779296875,351.29998779296875,157285
2021-07-20,351.29998779296875,353.8999938964844,340.0,343.45001220703125,343.45001220703125,137120
2021-07-22,343.45001220703125,360.0,343.45001220703125,358.25,358.25,144551
2021-07-23,362.8999938964844,362.8999938964844,352.0,353.5,353.5,58278
2021-07-26,331.29998779296875,343.04998779296875,327.0,335.70001220703125,335.70001220703125,174366
2021-07-27,336.0,340.0,320.0,321.54998779296875,321.54998779296875,244891
2021-07-28,315.04998779296875,324.0,290.1000061035156,299.20001220703125,299.20001220703125,605664
2021-07-29,299.0,329.1000061035156,297.29998779296875,327.3500061035156,327.3500061035156,302065
2021-07-30,327.0,327.0,317.3500061035156,320.1499938964844,320.1499938964844,128383
2021-08-02,320.54998779296875,322.45001220703125,312.6499938964844,313.6000061035156,313.6000061035156,102821
2021-08-03,313.6000061035156,318.95001220703125,313.5,315.1000061035156,315.1000061035156,54854
2021-08-04,318.95001220703125,346.6000061035156,317.1000061035156,346.6000061035156,346.6000061035156,562932
2021-08-05,355.0,364.79998779296875,327.1499938964844,357.04998779296875,357.04998779296875,1232021
2021-08-06,359.0,359.3999938964844,346.0,347.6000061035156,347.6000061035156,178917
2021-08-09,349.3999938964844,349.3999938964844,332.1499938964844,333.5,333.5,79413
2021-08-10,330.5,336.8999938964844,313.04998779296875,318.8500061035156,318.8500061035156,84468
2021-08-11,311.20001220703125,327.20001220703125,306.5,320.70001220703125,320.70001220703125,114243
2021-08-12,325.0,335.0,325.0,328.20001220703125,328.20001220703125,69827
2021-08-13,329.0,343.0,326.70001220703125,329.3999938964844,329.3999938964844,98913
2021-08-16,331.75,331.75,318.5,320.04998779296875,320.04998779296875,44149
2021-08-17,319.79998779296875,324.0,315.0,315.79998779296875,315.79998779296875,50024
2021-08-18,317.0,320.5,312.3500061035156,314.6000061035156,314.6000061035156,59291
2021-08-20,313.0,313.3500061035156,303.3500061035156,305.75,305.75,93929
2021-08-23,306.0,309.79998779296875,286.25,291.8500061035156,291.8500061035156,167698
2021-08-24,293.0,295.75,287.1499938964844,294.45001220703125,294.45001220703125,74640
2021-08-25,296.0,313.3999938964844,296.0,309.8999938964844,309.8999938964844,139399
2021-08-26,313.5,313.70001220703125,303.0,305.04998779296875,305.04998779296875,42543
2021-08-27,307.1000061035156,308.04998779296875,291.1000061035156,293.8500061035156,293.8500061035156,113234
2021-08-30,295.0,299.8500061035156,294.5,296.6000061035156,296.6000061035156,50774
2021-08-31,299.95001220703125,310.0,297.0,298.45001220703125,298.45001220703125,135947
2021-09-01,302.0,302.0,291.79998779296875,295.70001220703125,295.70001220703125,47257
2021-09-02,298.95001220703125,301.8500061035156,294.0,297.25,297.25,101073
2021-09-03,298.0,300.04998779296875,295.0,296.04998779296875,296.04998779296875,53457
2021-09-06,298.8999938964844,301.5,294.0,294.54998779296875,294.54998779296875,102677
2021-09-07,314.0,324.0,308.6000061035156,321.70001220703125,321.70001220703125,1118691
2021-09-08,320.70001220703125,320.70001220703125,306.6000061035156,308.95001220703125,308.95001220703125,167974
2021-09-09,308.79998779296875,310.79998779296875,292.20001220703125,297.0,297.0,238764
2021-09-13,298.70001220703125,299.6499938964844,287.95001220703125,289.04998779296875,289.04998779296875,248052
2021-09-14,291.3999938964844,299.95001220703125,290.0,296.79998779296875,296.79998779296875,129982
2021-09-15,298.0,310.0,297.54998779296875,300.8999938964844,300.8999938964844,224042
2021-09-16,300.6000061035156,306.8999938964844,296.1000061035156,303.54998779296875,303.54998779296875,142917
2021-09-17,306.3999938964844,306.3999938964844,291.0,297.45001220703125,297.45001220703125,90113
2021-09-20,291.1000061035156,296.95001220703125,291.1000061035156,292.70001220703125,292.70001220703125,96742
2021-09-21,293.04998779296875,296.70001220703125,290.0,292.04998779296875,292.04998779296875,95644
2021-09-22,292.20001220703125,296.04998779296875,290.79998779296875,291.29998779296875,291.29998779296875,60045
2021-09-23,292.6000061035156,294.70001220703125,291.0,291.3999938964844,291.3999938964844,94649
2021-09-24,293.0,293.95001220703125,286.0,286.54998779296875,286.54998779296875,71056
2021-09-27,286.54998779296875,289.3999938964844,276.5,278.6000061035156,278.6000061035156,197208
2021-09-28,280.0,280.70001220703125,268.8500061035156,272.45001220703125,272.45001220703125,168104
2021-09-29,273.5,299.6499938964844,271.25,288.3500061035156,288.3500061035156,760544
2021-09-30,291.0,292.6499938964844,283.04998779296875,285.8999938964844,285.8999938964844,146467
2021-10-01,283.0,287.3500061035156,280.29998779296875,281.54998779296875,281.54998779296875,87729
2021-10-04,283.79998779296875,286.45001220703125,279.0,280.79998779296875,280.79998779296875,104016
2021-10-05,280.79998779296875,283.0,277.0,277.79998779296875,277.79998779296875,125680
2021-10-06,277.8999938964844,281.75,274.0,275.8500061035156,275.8500061035156,83122
2021-10-07,277.04998779296875,279.20001220703125,272.0,274.75,274.75,110509
2021-10-08,275.0,279.29998779296875,270.5,273.04998779296875,273.04998779296875,115632
2021-10-11,272.3500061035156,274.6499938964844,270.0,270.54998779296875,270.54998779296875,142800
2021-10-12,270.5,272.0,263.0,266.3999938964844,266.3999938964844,156982
2021-10-13,269.8500061035156,286.0,263.45001220703125,268.95001220703125,268.95001220703125,362236
2021-10-14,273.1499938964844,278.0,270.0,270.70001220703125,270.70001220703125,120341
2021-10-18,265.0,271.0,264.95001220703125,265.6499938964844,265.6499938964844,144590
2021-10-19,266.20001220703125,268.20001220703125,255.0,257.04998779296875,257.04998779296875,132232
2021-10-20,257.1499938964844,258.95001220703125,243.4499969482422,246.5500030517578,246.5500030517578,161106
2021-10-21,248.0,249.64999389648438,230.0,233.35000610351562,233.35000610351562,259323
2021-10-22,235.0,236.14999389648438,220.1999969482422,222.89999389648438,222.89999389648438,196930
2021-10-25,222.89999389648438,223.89999389648438,201.0,203.10000610351562,203.10000610351562,402686
2021-10-26,203.89999389648438,213.25,203.89999389648438,213.25,213.25,214003
2021-10-27,219.25,223.89999389648438,217.5500030517578,223.89999389648438,223.89999389648438,187481
2021-10-28,226.8000030517578,232.0,212.75,212.9499969482422,212.9499969482422,200284
2021-10-29,215.0,215.0,204.10000610351562,209.25,209.25,130267
2021-11-01,217.8000030517578,217.8000030517578,209.0,209.89999389648438,209.89999389648438,77167
2021-11-02,211.10000610351562,213.85000610351562,208.60000610351562,209.5500030517578,209.5500030517578,72096
2021-11-03,209.5500030517578,212.0,208.35000610351562,210.14999389648438,210.14999389648438,50963
2021-11-04,210.0,215.5,210.0,213.60000610351562,213.60000610351562,24785
2021-11-08,213.5,214.9499969482422,208.10000610351562,208.85000610351562,208.85000610351562,71971
2021-11-09,209.85000610351562,211.3000030517578,207.0500030517578,208.60000610351562,208.60000610351562,74222
2021-11-10,209.60000610351562,212.8000030517578,208.60000610351562,211.10000610351562,211.10000610351562,54435
2021-11-11,212.0,214.39999389648438,210.0,210.85000610351562,210.85000610351562,45216
2021-11-12,211.0,212.75,207.14999389648438,208.5500030517578,208.5500030517578,41165
2021-11-15,198.14999389648438,207.0,198.14999389648438,198.60000610351562,198.60000610351562,219733
2021-11-16,200.0,203.5500030517578,197.64999389648438,199.5,199.5,103304
2021-11-17,195.5,198.35000610351562,190.0500030517578,190.75,190.75,184636
2021-11-18,191.85000610351562,193.0,181.25,181.25,181.25,185680
2021-11-22,175.25,178.9499969482422,172.1999969482422,172.1999969482422,172.1999969482422,151852
2021-11-23,167.10000610351562,177.5,165.3000030517578,174.4499969482422,174.4499969482422,142838
2021-11-24,179.0,183.14999389648438,175.3000030517578,183.14999389648438,183.14999389648438,178079
2021-11-25,188.6999969482422,192.3000030517578,186.89999389648438,192.3000030517578,192.3000030517578,87540
2021-11-26,201.89999389648438,201.89999389648438,196.0500030517578,201.89999389648438,201.89999389648438,158204
2021-11-29,211.9499969482422,211.9499969482422,207.0,211.9499969482422,211.9499969482422,235568
2021-11-30,217.0,222.5,217.0,222.5,222.5,79823
2021-12-01,233.60000610351562,233.60000610351562,212.60000610351562,214.6999969482422,214.6999969482422,716678
2021-12-02,216.0,225.39999389648438,216.0,225.39999389648438,225.39999389648438,162636
2021-12-03,236.0,236.64999389648438,221.3000030517578,223.1999969482422,223.1999969482422,325782
2021-12-06,217.5,219.89999389648438,212.0500030517578,212.0500030517578,212.0500030517578,116797
2021-12-07,210.3000030517578,211.75,201.4499969482422,201.4499969482422,201.4499969482422,211178
2021-12-08,198.5500030517578,205.0,196.9499969482422,202.60000610351562,202.60000610351562,94436
2021-12-09,206.0,206.0,199.9499969482422,200.25,200.25,105646
2021-12-10,200.5,205.85000610351562,200.0,200.64999389648438,200.64999389648438,72757
2021-12-13,205.0,205.0,196.0,197.5,197.5,86829
2021-12-14,197.5,207.35000610351562,197.3000030517578,207.35000610351562,207.35000610351562,195024
2021-12-15,211.0,211.0,198.0,199.1999969482422,199.1999969482422,170006
2021-12-16,200.3000030517578,203.3000030517578,196.39999389648438,197.85000610351562,197.85000610351562,76642
2021-12-17,198.39999389648438,204.5500030517578,190.89999389648438,193.85000610351562,193.85000610351562,144121
2021-12-20,189.5,192.35000610351562,184.60000610351562,186.60000610351562,186.60000610351562,90226
2021-12-21,190.0,195.89999389648438,188.39999389648438,192.14999389648438,192.14999389648438,184210
2021-12-22,194.89999389648438,197.0,191.9499969482422,194.10000610351562,194.10000610351562,60159
2021-12-23,196.0,198.0,193.1999969482422,194.9499969482422,194.9499969482422,57741
2021-12-24,197.6999969482422,197.6999969482422,190.0,191.1999969482422,191.1999969482422,37545
2021-12-27,192.89999389648438,200.75,192.89999389648438,200.75,200.75,96072
2021-12-28,202.89999389648438,203.14999389648438,197.0500030517578,198.6999969482422,198.6999969482422,119739
2021-12-29,202.75,202.75,196.5,197.8000030517578,197.8000030517578,103441
2021-12-30,200.0,202.9499969482422,197.0,198.89999389648438,198.89999389648438,85452
2021-12-31,199.9499969482422,201.9499969482422,198.0,198.64999389648438,198.64999389648438,73223
2022-01-03,199.3000030517578,202.1999969482422,195.10000610351562,196.39999389648438,196.39999389648438,102601
2022-01-04,197.39999389648438,199.5500030517578,195.5,196.6999969482422,196.6999969482422,85205
2022-01-05,203.35000610351562,204.0,198.0,198.60000610351562,198.60000610351562,170064
2022-01-06,202.0,203.85000610351562,198.6999969482422,199.25,199.25,134994
2022-01-07,199.5,200.4499969482422,197.25,197.60000610351562,197.60000610351562,47325
2022-01-10,200.0,200.0,196.9499969482422,198.1999969482422,198.1999969482422,88289
2022-01-11,197.60000610351562,198.85000610351562,196.0,196.5500030517578,196.5500030517578,72262
2022-01-12,196.9499969482422,198.6999969482422,193.0,193.89999389648438,193.89999389648438,217260
2022-01-13,193.8000030517578,195.75,192.4499969482422,193.64999389648438,193.64999389648438,90708
2022-01-14,194.25,195.5500030517578,192.75,193.14999389648438,193.14999389648438,55710
2022-01-17,193.0500030517578,193.9499969482422,186.60000610351562,190.0,190.0,111407
2022-01-18,190.0,193.0,188.0,188.75,188.75,79878
2022-01-19,190.0,194.75,190.0,191.85000610351562,191.85000610351562,192198
2022-01-20,196.39999389648438,201.39999389648438,192.1999969482422,201.25,201.25,461762
2022-01-21,202.0,211.3000030517578,202.0,211.25,211.25,642941
2022-01-24,221.8000030517578,221.8000030517578,205.0,210.35000610351562,210.35000610351562,422289
2022-01-25,207.10000610351562,211.0,203.14999389648438,209.5500030517578,209.5500030517578,113938
2022-01-27,210.89999389648438,220.0,206.5500030517578,218.0500030517578,218.0500030517578,242736
2022-01-28,221.0,228.9499969482422,218.3000030517578,228.9499969482422,228.9499969482422,297504
2022-01-31,240.35000610351562,240.35000610351562,231.14999389648438,240.35000610351562,240.35000610351562,339637
2022-02-01,244.0,252.35000610351562,243.85000610351562,252.35000610351562,252.35000610351562,364888
2022-02-02,264.95001220703125,264.95001220703125,264.95001220703125,264.95001220703125,264.95001220703125,93843
2022-02-03,278.1499938964844,278.1499938964844,251.75,251.75,251.75,828815
2022-02-04,239.1999969482422,243.89999389648438,239.1999969482422,239.1999969482422,239.1999969482422,177999
2022-02-07,227.25,227.25,227.25,227.25,227.25,31404
2022-02-08,215.89999389648438,227.1999969482422,215.89999389648438,215.89999389648438,215.89999389648438,545410
2022-02-09,209.0,212.8000030517578,205.14999389648438,205.14999389648438,205.14999389648438,326975
2022-02-10,206.5,214.8000030517578,202.60000610351562,205.75,205.75,313701
2022-02-11,206.0,206.0,196.0,200.35000610351562,200.35000610351562,68915
2022-02-14,197.0,202.0,193.9499969482422,195.5,195.5,68406
2022-02-15,195.9499969482422,198.5500030517578,186.5,192.5,192.5,121610
2022-02-16,194.39999389648438,202.10000610351562,194.39999389648438,202.10000610351562,202.10000610351562,48197
2022-02-17,205.10000610351562,212.1999969482422,203.0500030517578,203.9499969482422,203.9499969482422,149317
2022-02-18,211.6999969482422,211.89999389648438,204.0,205.3000030517578,205.3000030517578,94588
2022-02-21,205.3000030517578,215.5500030517578,197.0,212.9499969482422,212.9499969482422,325366
2022-02-22,210.75,215.0,202.35000610351562,202.64999389648438,202.64999389648438,115923
2022-02-23,200.0,204.6999969482422,195.1999969482422,196.25,196.25,96822
2022-02-24,187.0,193.64999389648438,186.4499969482422,186.4499969482422,186.4499969482422,66485
2022-02-25,187.0500030517578,195.0,187.0500030517578,189.1999969482422,189.1999969482422,80179
2022-02-28,185.5500030517578,192.25,185.5500030517578,189.1999969482422,189.1999969482422,57002
2022-03-02,196.39999389648438,198.64999389648438,195.1999969482422,198.64999389648438,198.64999389648438,122778
2022-03-03,201.6999969482422,207.5,195.0500030517578,196.1999969482422,196.1999969482422,95357
2022-03-04,196.0,196.0,188.0,189.8000030517578,189.8000030517578,60092
2022-03-07,181.5500030517578,187.89999389648438,181.5500030517578,185.35000610351562,185.35000610351562,72106
2022-03-08,185.0,189.6999969482422,184.0500030517578,187.3000030517578,187.3000030517578,45278
2022-03-09,191.1999969482422,192.89999389648438,187.10000610351562,188.39999389648438,188.39999389648438,81675
2022-03-10,192.0,195.0,185.9499969482422,187.5500030517578,187.5500030517578,86126
2022-03-11,188.0,191.9499969482422,187.0,188.5,188.5,45401
2022-03-14,190.60000610351562,191.14999389648438,187.0,187.39999389648438,187.39999389648438,60214
2022-03-15,187.5,190.0,183.0500030517578,183.85000610351562,183.85000610351562,54524
2022-03-16,185.8000030517578,186.85000610351562,180.60000610351562,182.0500030517578,182.0500030517578,57511
2022-03-17,187.0,187.0,181.8000030517578,182.1999969482422,182.1999969482422,61400
2022-03-21,184.1999969482422,184.5500030517578,180.1999969482422,180.85000610351562,180.85000610351562,64680
2022-03-22,182.0,186.0,181.0,183.0500030517578,183.0500030517578,274952
2022-03-23,182.75,186.14999389648438,180.89999389648438,182.1999969482422,182.1999969482422,303438
2022-03-24,181.75,183.6999969482422,179.0500030517578,179.9499969482422,179.9499969482422,112544
2022-03-25,180.0,181.89999389648438,176.64999389648438,178.3000030517578,178.3000030517578,115141
2022-03-28,176.14999389648438,177.9499969482422,169.39999389648438,169.64999389648438,169.64999389648438,227634
2022-03-29,170.60000610351562,172.8000030517578,161.1999969482422,161.1999969482422,161.1999969482422,295733
2022-03-30,161.3000030517578,164.0,154.14999389648438,155.6999969482422,155.6999969482422,273935
2022-03-31,150.1999969482422,154.6999969482422,147.9499969482422,148.1999969482422,148.1999969482422,440363
2022-04-01,150.0,155.60000610351562,150.0,155.60000610351562,155.60000610351562,37578
2022-04-04,163.35000610351562,163.35000610351562,163.35000610351562,163.35000610351562,163.35000610351562,13990
2022-04-05,171.5,171.5,171.5,171.5,171.5,15921
2022-04-06,180.0500030517578,180.0500030517578,173.0,180.0500030517578,180.0500030517578,444171
2022-04-07,184.5,189.0,175.0,179.10000610351562,179.10000610351562,254275
2022-04-08,183.6999969482422,191.6999969482422,180.0,187.6999969482422,187.6999969482422,188598
2022-04-11,189.89999389648438,189.89999389648438,183.35000610351562,184.5500030517578,184.5500030517578,95851
2022-04-12,186.6999969482422,186.6999969482422,179.1999969482422,181.6999969482422,181.6999969482422,54308
2022-04-13,181.6999969482422,183.5,179.0,179.35000610351562,179.35000610351562,61933
2022-04-18,181.5,181.5,170.0,173.75,173.75,65630
2022-04-19,174.60000610351562,177.3000030517578,167.0,170.3000030517578,170.3000030517578,73313
2022-04-20,172.9499969482422,172.9499969482422,168.25,169.0500030517578,169.0500030517578,46936
2022-04-21,170.60000610351562,176.3000030517578,170.0,170.9499969482422,170.9499969482422,45723
2022-04-22,172.0,172.0,166.5,168.1999969482422,168.1999969482422,53959
2022-04-25,167.0,167.35000610351562,164.0,165.1999969482422,165.1999969482422,29324
2022-04-26,167.85000610351562,170.64999389648438,166.75,167.89999389648438,167.89999389648438,32284
2022-04-27,166.8000030517578,166.8000030517578,161.6999969482422,162.6999969482422,162.6999969482422,43467
2022-04-28,165.0,165.0,160.0,160.85000610351562,160.85000610351562,28731
2022-04-29,163.0,163.5,155.0,158.39999389648438,158.39999389648438,59489
2022-05-02,162.5,166.0,156.1999969482422,157.8000030517578,157.8000030517578,70686
2022-05-04,158.0,160.0,145.0,149.89999389648438,149.89999389648438,63722
2022-05-05,152.89999389648438,159.9499969482422,151.0,157.10000610351562,157.10000610351562,56627
2022-05-06,157.0,157.0,141.39999389648438,147.0,147.0,63093
2022-05-09,147.0,149.85000610351562,145.3000030517578,148.14999389648438,148.14999389648438,41199
2022-05-10,150.0,150.0,144.89999389648438,146.5,146.5,29966
2022-05-11,147.14999389648438,147.14999389648438,138.0,143.1999969482422,143.1999969482422,43750
2022-05-12,143.0,143.0,135.0,136.39999389648438,136.39999389648438,37748
2022-05-13,142.8000030517578,142.8000030517578,138.0,138.6999969482422,138.6999969482422,39772
2022-05-16,141.0,141.89999389648438,137.5500030517578,139.4499969482422,139.4499969482422,35959
2022-05-17,137.0500030517578,146.9499969482422,137.0500030517578,144.0500030517578,144.0500030517578,49425
2022-05-18,149.89999389648438,158.4499969482422,144.0500030517578,158.4499969482422,158.4499969482422,99053
2022-05-19,159.9499969482422,174.25,159.9499969482422,166.10000610351562,166.10000610351562,617097
2022-05-20,172.4499969482422,172.4499969482422,152.0,155.10000610351562,155.10000610351562,185402
2022-05-23,155.89999389648438,159.75,145.0,146.9499969482422,146.9499969482422,204872
2022-05-24,148.39999389648438,154.60000610351562,145.4499969482422,147.25,147.25,96575
2022-05-25,149.8000030517578,150.10000610351562,138.4499969482422,140.89999389648438,140.89999389648438,60407
2022-05-26,145.0,145.0,135.3000030517578,140.64999389648438,140.64999389648438,58606
2022-05-27,143.5,144.1999969482422,141.10000610351562,142.25,142.25,34776
2022-05-30,144.8000030517578,151.0,141.5,143.6999969482422,143.6999969482422,65318
2022-05-31,144.0,148.5,143.10000610351562,145.1999969482422,145.1999969482422,136402
2022-06-01,148.6999969482422,148.6999969482422,144.5500030517578,145.4499969482422,145.4499969482422,31656
2022-06-02,147.8000030517578,149.5,146.25,147.89999389648438,147.89999389648438,39671
2022-06-03,149.0,150.75,145.25,146.1999969482422,146.1999969482422,26597
2022-06-06,146.1999969482422,148.8000030517578,146.1999969482422,148.10000610351562,148.10000610351562,21634
2022-06-07,150.75,152.8000030517578,149.25,149.60000610351562,149.60000610351562,61443
2022-06-08,152.3000030517578,152.3000030517578,147.85000610351562,148.25,148.25,27519
2022-06-09,150.0,150.0,147.0,148.1999969482422,148.1999969482422,17365
2022-06-10,145.0,150.0,145.0,145.89999389648438,145.89999389648438,72344
2022-06-13,145.0,147.89999389648438,138.1999969482422,139.14999389648438,139.14999389648438,332615
2022-06-14,144.0,161.5,138.6999969482422,139.6999969482422,139.6999969482422,41173
2022-06-15,142.4499969482422,142.5,138.0,139.14999389648438,139.14999389648438,18233
2022-06-16,139.5,141.64999389648438,135.5,136.3000030517578,136.3000030517578,29830
2022-06-17,137.0,137.0,125.0,127.8499984741211,127.8499984741211,66434
2022-06-20,130.9499969482422,131.4499969482422,125.0,125.75,125.75,40900
2022-06-21,126.05000305175781,132.10000610351562,126.05000305175781,129.85000610351562,129.85000610351562,28556
2022-06-22,130.89999389648438,130.89999389648438,127.05000305175781,128.9499969482422,128.9499969482422,14837
2022-06-23,129.64999389648438,132.3000030517578,127.0999984741211,128.5500030517578,128.5500030517578,18181
2022-06-24,128.9499969482422,130.9499969482422,127.44999694824219,128.85000610351562,128.85000610351562,18521
2022-06-27,132.8000030517578,136.85000610351562,130.3000030517578,132.35000610351562,132.35000610351562,47655
2022-06-28,132.35000610351562,133.1999969482422,130.0500030517578,131.4499969482422,131.4499969482422,13921
2022-06-29,132.89999389648438,133.9499969482422,130.0500030517578,131.60000610351562,131.60000610351562,23178
2022-06-30,130.35000610351562,131.60000610351562,127.05000305175781,128.1999969482422,128.1999969482422,17790
2022-07-01,131.0,131.0,127.19999694824219,128.25,128.25,12409
2022-07-04,132.0,132.39999389648438,128.64999389648438,130.25,130.25,13213
2022-07-05,132.0,132.35000610351562,127.0999984741211,128.4499969482422,128.4499969482422,23100
2022-07-06,130.0,130.0,129.0,129.39999389648438,129.39999389648438,12401
2022-07-07,130.0,132.0,129.0,129.8000030517578,129.8000030517578,33009
2022-07-08,131.0,131.9499969482422,129.0500030517578,129.9499969482422,129.9499969482422,30599
2022-07-11,129.0,131.35000610351562,128.5500030517578,129.9499969482422,129.9499969482422,35337
2022-07-12,131.6999969482422,132.0500030517578,129.25,129.64999389648438,129.64999389648438,33026
2022-07-13,131.85000610351562,131.85000610351562,128.0,128.25,128.25,62886
2022-07-14,130.0,131.0,126.9000015258789,127.5999984741211,127.5999984741211,79710
2022-07-15,129.0,130.1999969482422,128.10000610351562,129.39999389648438,129.39999389648438,44937
2022-07-18,129.8000030517578,131.0,128.25,129.14999389648438,129.14999389648438,53611
2022-07-19,128.25,131.0,128.10000610351562,128.8000030517578,128.8000030517578,61597
2022-07-20,132.0,132.0,129.0,129.60000610351562,129.60000610351562,44110
2022-07-21,130.0,131.9499969482422,128.9499969482422,129.39999389648438,129.39999389648438,60579
2022-07-22,131.10000610351562,131.10000610351562,129.0,129.64999389648438,129.64999389648438,38178
2022-07-25,131.10000610351562,131.10000610351562,129.10000610351562,129.3000030517578,129.3000030517578,29831
2022-07-26,129.60000610351562,130.5,127.5999984741211,127.75,127.75,22998
2022-07-27,127.0,128.75,126.44999694824219,127.05000305175781,127.05000305175781,39656
2022-07-28,127.0,128.0,125.0,126.9000015258789,126.9000015258789,40731
2022-07-29,129.9499969482422,129.9499969482422,127.6500015258789,128.85000610351562,128.85000610351562,29271
2022-08-01,128.5500030517578,131.8000030517578,128.5500030517578,130.9499969482422,130.9499969482422,49313
2022-08-02,131.0,150.4499969482422,129.39999389648438,145.5,145.5,581397
2022-08-03,147.75,147.9499969482422,140.14999389648438,141.10000610351562,141.10000610351562,117238
2022-08-04,142.64999389648438,144.64999389648438,137.0,138.39999389648438,138.39999389648438,80735
2022-08-05,138.6999969482422,140.60000610351562,137.3000030517578,138.0500030517578,138.0500030517578,50538
2022-08-08,140.9499969482422,140.9499969482422,137.89999389648438,138.8000030517578,138.8000030517578,42256
2022-08-10,132.89999389648438,134.25,128.89999389648438,129.89999389648438,129.89999389648438,156935
2022-08-11,130.10000610351562,132.5,127.0,128.35000610351562,128.35000610351562,81930
2022-08-12,129.8000030517578,130.35000610351562,128.10000610351562,129.85000610351562,129.85000610351562,101366
2022-08-16,131.9499969482422,132.25,129.1999969482422,129.6999969482422,129.6999969482422,81637
2022-08-17,130.25,155.60000610351562,129.75,138.6999969482422,138.6999969482422,470685
2022-08-18,140.14999389648438,140.14999389648438,136.1999969482422,137.4499969482422,137.4499969482422,68360
2022-08-19,138.25,139.8000030517578,135.0500030517578,135.85000610351562,135.85000610351562,59458
2022-08-22,135.10000610351562,135.89999389648438,132.4499969482422,133.5500030517578,133.5500030517578,31847
2022-08-23,132.5,135.0,131.14999389648438,133.8000030517578,133.8000030517578,56531
2022-08-24,134.9499969482422,137.0,133.5500030517578,134.64999389648438,134.64999389648438,77202
2022-08-25,135.60000610351562,136.5500030517578,133.60000610351562,134.10000610351562,134.10000610351562,82242
2022-08-26,135.9499969482422,135.9499969482422,133.6999969482422,134.3000030517578,134.3000030517578,55497
2022-08-29,132.0,138.0,130.64999389648438,135.60000610351562,135.60000610351562,185259
2022-08-30,136.39999389648438,140.0,134.75,137.0,137.0,106426
2022-09-01,138.6999969482422,140.0,136.0500030517578,138.4499969482422,138.4499969482422,61507
2022-09-02,141.5500030517578,142.64999389648438,138.89999389648438,139.85000610351562,139.85000610351562,104520
2022-09-05,142.0,142.39999389648438,137.8000030517578,139.6999969482422,139.6999969482422,70115
2022-09-06,139.0500030517578,142.89999389648438,139.0500030517578,140.8000030517578,140.8000030517578,72652
2022-09-07,141.39999389648438,141.39999389648438,138.1999969482422,138.89999389648438,138.89999389648438,37362
2022-09-08,141.8000030517578,145.60000610351562,133.0,138.85000610351562,138.85000610351562,269261
2022-09-09,140.85000610351562,142.14999389648438,137.5500030517578,139.75,139.75,76075
2022-09-12,139.75,142.5,138.89999389648438,139.9499969482422,139.9499969482422,51340
2022-09-13,141.6999969482422,141.9499969482422,139.85000610351562,140.35000610351562,140.35000610351562,42046
2022-09-14,138.0500030517578,141.5500030517578,138.0500030517578,140.75,140.75,51152
2022-09-15,142.0,142.0,139.0500030517578,139.8000030517578,139.8000030517578,38450
2022-09-16,141.35000610351562,141.35000610351562,136.0,137.0,137.0,57071
2022-09-19,139.85000610351562,140.0,135.0500030517578,139.6999969482422,139.6999969482422,33447
2022-09-20,140.0,142.0,139.5500030517578,141.0,141.0,44546
2022-09-21,141.5,151.39999389648438,140.0500030517578,145.4499969482422,145.4499969482422,260036
2022-09-22,144.1999969482422,147.6999969482422,140.5500030517578,141.5500030517578,141.5500030517578,66640
2022-09-23,144.0,144.0,136.0,136.5500030517578,136.5500030517578,52940
2022-09-26,134.0,135.9499969482422,130.5,131.60000610351562,131.60000610351562,32902
2022-09-27,134.89999389648438,134.89999389648438,131.10000610351562,132.8000030517578,132.8000030517578,29753
2022-09-28,133.0,133.85000610351562,130.0,130.89999389648438,130.89999389648438,26241
2022-09-29,132.5,134.5,129.10000610351562,130.5,130.5,33004
2022-09-30,129.0,131.75,128.60000610351562,131.4499969482422,131.4499969482422,20401
2022-10-03,133.89999389648438,134.0,130.10000610351562,130.3000030517578,130.3000030517578,26719
2022-10-04,132.5,134.8000030517578,131.14999389648438,133.60000610351562,133.60000610351562,39360
2022-10-06,132.0,135.0,132.0,133.1999969482422,133.1999969482422,21108
2022-10-07,132.0500030517578,134.3000030517578,131.85000610351562,133.1999969482422,133.1999969482422,21494
2022-10-10,133.75,134.75,131.9499969482422,134.0,134.0,37159
2022-10-11,156.0,160.8000030517578,150.0,158.25,158.25,2370630
2022-10-12,159.8000030517578,164.0,147.5,149.5,149.5,992343
2022-10-13,149.85000610351562,154.1999969482422,149.10000610351562,151.0500030517578,151.0500030517578,204780
2022-10-14,153.9499969482422,156.4499969482422,143.1999969482422,144.10000610351562,144.10000610351562,151179
2022-10-17,144.0,145.64999389648438,140.10000610351562,140.75,140.75,68113
2022-10-18,140.75,143.0500030517578,138.0,138.6999969482422,138.6999969482422,66578
2022-10-19,138.60000610351562,139.9499969482422,136.0,136.5,136.5,60489
2022-10-20,136.5,151.6999969482422,136.3000030517578,143.1999969482422,143.1999969482422,405629
2022-10-21,144.64999389648438,149.39999389648438,141.5,142.85000610351562,142.85000610351562,110720
2022-10-24,144.10000610351562,144.9499969482422,142.85000610351562,144.60000610351562,144.60000610351562,20661
2022-10-25,145.0,146.0,141.10000610351562,142.6999969482422,142.6999969482422,42312
2022-10-27,143.0,146.5,142.4499969482422,145.1999969482422,145.1999969482422,76924
2022-10-28,145.5,148.0,144.0,144.89999389648438,144.89999389648438,69928
2022-10-31,146.0,149.0500030517578,145.0500030517578,147.6999969482422,147.6999969482422,92828
2022-11-01,149.89999389648438,149.89999389648438,145.5,148.0,148.0,46034
2022-11-02,149.89999389648438,149.89999389648438,144.64999389648438,145.14999389648438,145.14999389648438,39321
2022-11-03,142.6999969482422,147.39999389648438,139.14999389648438,140.9499969482422,140.9499969482422,82310
2022-11-04,143.10000610351562,144.6999969482422,141.14999389648438,142.64999389648438,142.64999389648438,33732
2022-11-07,144.5,144.6999969482422,142.75,143.1999969482422,143.1999969482422,44914
2022-11-09,143.3000030517578,144.3000030517578,141.0,141.6999969482422,141.6999969482422,38617
2022-11-10,141.6999969482422,142.85000610351562,139.4499969482422,140.60000610351562,140.60000610351562,31740
2022-11-11,143.0,143.0,137.5500030517578,140.35000610351562,140.35000610351562,32811
2022-11-14,142.5,142.5,139.8000030517578,141.25,141.25,18756
2022-11-15,141.5,143.1999969482422,140.1999969482422,140.85000610351562,140.85000610351562,34932
2022-11-16,142.5,142.5,138.0,139.0500030517578,139.0500030517578,52527
2022-11-17,138.10000610351562,140.75,136.3000030517578,137.0500030517578,137.0500030517578,40484
2022-11-18,137.0500030517578,139.85000610351562,136.60000610351562,137.1999969482422,137.1999969482422,46950
2022-11-21,138.0,138.8000030517578,135.85000610351562,137.8000030517578,137.8000030517578,29660
2022-11-22,138.0,138.9499969482422,135.14999389648438,135.89999389648438,135.89999389648438,29855
2022-11-23,135.89999389648438,139.14999389648438,135.89999389648438,137.0,137.0,23924
2022-11-24,138.5500030517578,138.5500030517578,136.10000610351562,136.4499969482422,136.4499969482422,24203
2022-11-25,138.4499969482422,138.4499969482422,135.1999969482422,136.75,136.75,22003
2022-11-28,137.9499969482422,141.89999389648438,136.0500030517578,139.8000030517578,139.8000030517578,70095
2022-11-29,141.75,141.75,139.35000610351562,140.0500030517578,140.0500030517578,26013
2022-11-30,140.0,140.6999969482422,138.10000610351562,138.64999389648438,138.64999389648438,26235
2022-12-01,140.0,140.0,137.8000030517578,138.3000030517578,138.3000030517578,34405
2022-12-02,137.5,143.0,137.5,141.25,141.25,67684
2022-12-05,142.8000030517578,143.9499969482422,141.3000030517578,142.85000610351562,142.85000610351562,56363
2022-12-06,145.0,145.0,140.10000610351562,140.6999969482422,140.6999969482422,35785
2022-12-07,141.89999389648438,144.9499969482422,140.3000030517578,142.64999389648438,142.64999389648438,49537
2022-12-08,144.4499969482422,144.4499969482422,141.10000610351562,141.64999389648438,141.64999389648438,21142
2022-12-09,143.60000610351562,143.60000610351562,138.0,138.6999969482422,138.6999969482422,31532
2022-12-12,140.0,140.0,137.10000610351562,137.85000610351562,137.85000610351562,29926
2022-12-13,139.0,141.64999389648438,137.64999389648438,138.8000030517578,138.8000030517578,33177
2022-12-14,138.85000610351562,141.14999389648438,135.8000030517578,137.35000610351562,137.35000610351562,63570
2022-12-15,137.5,139.9499969482422,136.5500030517578,137.89999389648438,137.89999389648438,50491
2022-12-16,138.9499969482422,139.60000610351562,136.35000610351562,137.35000610351562,137.35000610351562,39859
2022-12-19,137.5,138.60000610351562,137.0500030517578,137.8000030517578,137.8000030517578,25994
2022-12-20,138.5,139.5500030517578,137.0,138.1999969482422,138.1999969482422,27727
2022-12-21,139.3000030517578,159.4499969482422,139.10000610351562,151.25,151.25,1000768
2022-12-22,153.0,164.39999389648438,142.25,143.5500030517578,143.5500030517578,1219140
2022-12-23,143.0,154.6999969482422,142.25,149.3000030517578,149.3000030517578,691420
2022-12-26,150.4499969482422,158.0,144.9499969482422,146.89999389648438,146.89999389648438,421214
2022-12-27,148.5,148.5,140.60000610351562,142.9499969482422,142.9499969482422,218161
2022-12-28,143.35000610351562,146.25,141.0,141.8000030517578,141.8000030517578,142850
2022-12-29,142.9499969482422,146.6999969482422,142.25,143.10000610351562,143.10000610351562,157780
2022-12-30,143.85000610351562,143.89999389648438,141.5,142.0500030517578,142.0500030517578,68299
2023-01-02,143.0,143.39999389648438,140.75,142.10000610351562,142.10000610351562,58977
2023-01-03,142.8000030517578,143.35000610351562,140.9499969482422,141.35000610351562,141.35000610351562,58662
2023-01-04,141.75,141.9499969482422,139.5,140.14999389648438,140.14999389648438,53463
2023-01-05,140.5,140.5,138.14999389648438,138.75,138.75,64692
2023-01-06,139.8000030517578,140.0,136.8000030517578,137.64999389648438,137.64999389648438,49472
2023-01-09,139.8000030517578,139.8000030517578,136.0,136.64999389648438,136.64999389648438,69983
2023-01-10,136.89999389648438,137.89999389648438,134.0500030517578,134.8000030517578,134.8000030517578,61779
2023-01-11,135.5,137.10000610351562,134.0500030517578,136.0,136.0,39225
2023-01-12,136.5,136.89999389648438,135.0500030517578,135.5500030517578,135.5500030517578,24522
2023-01-13,136.5,136.89999389648438,135.10000610351562,135.89999389648438,135.89999389648438,21716
2023-01-16,137.14999389648438,137.14999389648438,135.14999389648438,136.1999969482422,136.1999969482422,48554
2023-01-17,136.25,144.1999969482422,135.25,135.89999389648438,135.89999389648438,88588
2023-01-18,135.85000610351562,136.9499969482422,135.3000030517578,136.0500030517578,136.0500030517578,25188
2023-01-19,135.5500030517578,136.75,135.10000610351562,135.39999389648438,135.39999389648438,18556
2023-01-20,136.0,136.0,133.0500030517578,133.39999389648438,133.39999389648438,30550
2023-01-23,134.0,134.8000030517578,130.3000030517578,131.0500030517578,131.0500030517578,40789
2023-01-24,133.6999969482422,133.6999969482422,131.1999969482422,132.0,132.0,38917
2023-01-25,132.0500030517578,133.89999389648438,128.9499969482422,130.60000610351562,130.60000610351562,79571
2023-01-27,131.89999389648438,131.89999389648438,125.4000015258789,127.4000015258789,127.4000015258789,91768
2023-01-30,127.5,129.6999969482422,126.8499984741211,127.5999984741211,127.5999984741211,34992
2023-01-31,129.3000030517578,129.9499969482422,127.5,129.0500030517578,129.0500030517578,25457
2023-02-01,133.89999389648438,133.89999389648438,126.0999984741211,127.4000015258789,127.4000015258789,35359
2023-02-02,127.4000015258789,128.0500030517578,122.0999984741211,124.9000015258789,124.9000015258789,47591
2023-02-03,125.6500015258789,125.69999694824219,120.0,121.69999694824219,121.69999694824219,67923
2023-02-06,123.80000305175781,123.80000305175781,120.3499984741211,121.55000305175781,121.55000305175781,37189
2023-02-07,123.0,124.55000305175781,120.0,120.44999694824219,120.44999694824219,57092
2023-02-08,122.5,123.44999694824219,120.94999694824219,122.0,122.0,46541
2023-02-09,123.9000015258789,123.9000015258789,121.5,123.05000305175781,123.05000305175781,35960
2023-02-10,123.9000015258789,126.94999694824219,119.4000015258789,123.9000015258789,123.9000015258789,70623
2023-02-13,123.9000015258789,125.30000305175781,122.0,124.25,124.25,35521
2023-02-14,125.0,137.5,123.0,131.64999389648438,131.64999389648438,507969
2023-02-15,131.0,131.14999389648438,127.0999984741211,129.10000610351562,129.10000610351562,66958
2023-02-16,132.0,132.5,125.69999694824219,126.1500015258789,126.1500015258789,54522
2023-02-17,126.4000015258789,127.4000015258789,122.5999984741211,123.94999694824219,123.94999694824219,56513
2023-02-20,123.9000015258789,124.55000305175781,121.5,122.0999984741211,122.0999984741211,39791
2023-02-21,122.5,123.4000015258789,122.0,122.3499984741211,122.3499984741211,24104
2023-02-22,122.05000305175781,123.55000305175781,120.4000015258789,120.75,120.75,27465
2023-02-23,122.0999984741211,122.19999694824219,119.5,121.6500015258789,121.6500015258789,40662
2023-02-24,122.0,123.0,120.94999694824219,121.5,121.5,33221
2023-02-27,121.5,123.0,120.0999984741211,121.19999694824219,121.19999694824219,55784
2023-02-28,123.0,123.0,119.30000305175781,120.19999694824219,120.19999694824219,40318
2023-03-01,120.0999984741211,122.80000305175781,120.0999984741211,120.94999694824219,120.94999694824219,36366
2023-03-02,121.0,122.3499984741211,120.0999984741211,120.5999984741211,120.5999984741211,31599
2023-03-03,120.5999984741211,122.69999694824219,118.25,121.0999984741211,121.0999984741211,53062
2023-03-06,120.4000015258789,122.6500015258789,120.4000015258789,121.3499984741211,121.3499984741211,59252
2023-03-08,121.69999694824219,122.75,120.0999984741211,121.6500015258789,121.6500015258789,70940
2023-03-09,121.69999694824219,125.6500015258789,121.69999694824219,122.8499984741211,122.8499984741211,68614
2023-03-10,122.80000305175781,123.30000305175781,120.0,121.3499984741211,121.3499984741211,72881
2023-03-13,122.05000305175781,124.0,120.5,121.0999984741211,121.0999984741211,72093
2023-03-14,119.19999694824219,121.0999984741211,116.5,116.94999694824219,116.94999694824219,191235
2023-03-15,118.0,118.80000305175781,115.0,115.19999694824219,115.19999694824219,43332
2023-03-16,118.5999984741211,118.5999984741211,113.0,113.25,113.25,45369
2023-03-17,115.0,115.0,113.19999694824219,113.69999694824219,113.69999694824219,24954
2023-03-20,114.9000015258789,114.94999694824219,108.4000015258789,110.3499984741211,110.3499984741211,68808
2023-03-21,112.5,113.5,109.9000015258789,111.75,111.75,48536
2023-03-22,110.05000305175781,116.0,110.05000305175781,113.5,113.5,37140
2023-03-23,114.0,117.5,113.19999694824219,114.3499984741211,114.3499984741211,61866
2023-03-24,114.0,115.5999984741211,111.75,112.3499984741211,112.3499984741211,29183
2023-03-27,111.0999984741211,114.3499984741211,111.0,111.8499984741211,111.8499984741211,46832
2023-03-28,113.0,113.69999694824219,109.0,109.44999694824219,109.44999694824219,72057
2023-03-29,110.0,110.80000305175781,107.0,107.55000305175781,107.55000305175781,136613
2023-03-31,107.55000305175781,112.69999694824219,107.55000305175781,108.44999694824219,108.44999694824219,109272
2023-04-03,110.75,115.94999694824219,109.44999694824219,114.80000305175781,114.80000305175781,80667
2023-04-05,116.69999694824219,117.75,114.05000305175781,114.5,114.5,91961
2023-04-06,114.69999694824219,115.9000015258789,113.25,113.55000305175781,113.55000305175781,41438
2023-04-10,115.0,116.8499984741211,114.05000305175781,115.8499984741211,115.8499984741211,35587
2023-04-11,116.69999694824219,122.55000305175781,116.69999694824219,120.5,120.5,167052
2023-04-12,121.3499984741211,122.9000015258789,120.0999984741211,121.05000305175781,121.05000305175781,63394
2023-04-13,121.80000305175781,122.0,119.8499984741211,120.55000305175781,120.55000305175781,36972
2023-04-17,120.0,122.55000305175781,117.3499984741211,120.9000015258789,120.9000015258789,49737
2023-04-18,121.55000305175781,122.4000015258789,120.0,121.5999984741211,121.5999984741211,26722
2023-04-19,121.19999694824219,124.5,121.19999694824219,123.4000015258789,123.4000015258789,59581
2023-04-20,123.4000015258789,124.55000305175781,121.05000305175781,122.1500015258789,122.1500015258789,44740
2023-04-21,123.4000015258789,124.19999694824219,120.1500015258789,122.1500015258789,122.1500015258789,34887
2023-04-24,122.1500015258789,124.5999984741211,118.94999694824219,119.55000305175781,119.55000305175781,30934
2023-04-25,120.0,121.5,119.5,120.1500015258789,120.1500015258789,30776
2023-04-26,120.1500015258789,121.0,118.75,119.6500015258789,119.6500015258789,34859
2023-04-27,119.94999694824219,121.0999984741211,118.44999694824219,120.75,120.75,36031
2023-04-28,122.0,122.30000305175781,120.0999984741211,121.44999694824219,121.44999694824219,20493
2023-05-02,122.4000015258789,123.0,121.5,122.3499984741211,122.3499984741211,20254
2023-05-03,122.4000015258789,122.9000015258789,120.05000305175781,121.25,121.25,30868
2023-05-04,121.55000305175781,122.4000015258789,121.0999984741211,121.69999694824219,121.69999694824219,18399
2023-05-05,121.69999694824219,121.9000015258789,119.5,120.0999984741211,120.0999984741211,27406
2023-05-08,120.0999984741211,123.0999984741211,120.0999984741211,120.5999984741211,120.5999984741211,31046
2023-05-09,120.5999984741211,122.75,120.0999984741211,121.4000015258789,121.4000015258789,41483
2023-05-10,121.0,121.5999984741211,120.1500015258789,120.55000305175781,120.55000305175781,17352
2023-05-11,121.0,121.69999694824219,119.1500015258789,119.6500015258789,119.6500015258789,28668
2023-05-12,120.5999984741211,120.5999984741211,118.19999694824219,119.30000305175781,119.30000305175781,20990
2023-05-15,119.30000305175781,119.75,117.75,118.3499984741211,118.3499984741211,33277
2023-05-16,119.44999694824219,119.5,118.0999984741211,118.5999984741211,118.5999984741211,17747
2023-05-17,118.6500015258789,121.9000015258789,117.30000305175781,118.25,118.25,46700
2023-05-18,119.55000305175781,120.69999694824219,117.0,117.19999694824219,117.19999694824219,30011
2023-05-19,117.19999694824219,119.5,117.19999694824219,119.19999694824219,119.19999694824219,28978
2023-05-22,119.5999984741211,119.5999984741211,114.19999694824219,117.0999984741211,117.0999984741211,51085
2023-05-23,119.8499984741211,120.0,118.0,119.55000305175781,119.55000305175781,32660
2023-05-24,120.0,121.25,118.69999694824219,119.5,119.5,22703
2023-05-25,120.3499984741211,120.3499984741211,118.25,118.9000015258789,118.9000015258789,13425
2023-05-26,119.44999694824219,124.44999694824219,119.0,122.30000305175781,122.30000305175781,76243
2023-05-29,125.0,125.05000305175781,121.55000305175781,122.4000015258789,122.4000015258789,45664
2023-05-30,124.44999694824219,125.5,116.0,118.80000305175781,118.80000305175781,184901
2023-05-31,118.80000305175781,119.5,117.19999694824219,117.44999694824219,117.44999694824219,40717
2023-06-01,118.0999984741211,119.5,117.0,117.19999694824219,117.19999694824219,32924
2023-06-02,118.55000305175781,121.8499984741211,117.5,120.55000305175781,120.55000305175781,66086
2023-06-05,121.0999984741211,125.1500015258789,119.25,119.9000015258789,119.9000015258789,163078
2023-06-06,120.80000305175781,121.75,119.25,121.1500015258789,121.1500015258789,42586
2023-06-07,120.4000015258789,123.19999694824219,120.4000015258789,122.25,122.25,41744
2023-06-08,123.19999694824219,123.19999694824219,121.25,121.94999694824219,121.94999694824219,29514
2023-06-09,122.94999694824219,123.44999694824219,119.69999694824219,121.3499984741211,121.3499984741211,42614
2023-06-12,120.19999694824219,133.0500030517578,120.19999694824219,131.14999389648438,131.14999389648438,297597
2023-06-13,135.89999389648438,141.64999389648438,135.0,137.64999389648438,137.64999389648438,713599
2023-06-14,138.0,138.5500030517578,132.60000610351562,133.6999969482422,133.6999969482422,171408
2023-06-15,133.60000610351562,137.0,128.0500030517578,129.35000610351562,129.35000610351562,323122
2023-06-16,130.25,136.6999969482422,130.1999969482422,131.4499969482422,131.4499969482422,223707
2023-06-19,132.25,134.9499969482422,128.4499969482422,129.35000610351562,129.35000610351562,113067
2023-06-20,130.14999389648438,133.0,129.10000610351562,129.9499969482422,129.9499969482422,110050
2023-06-21,130.5,132.25,127.05000305175781,128.14999389648438,128.14999389648438,79713
2023-06-22,129.39999389648438,134.5,126.5,127.1500015258789,127.1500015258789,174069
2023-06-23,129.3000030517578,129.3000030517578,126.0,127.80000305175781,127.80000305175781,46371
2023-06-26,127.80000305175781,129.0,127.0999984741211,127.5999984741211,127.5999984741211,27460
2023-06-27,127.5999984741211,128.75,124.0,126.69999694824219,126.69999694824219,37461
2023-06-28,126.5,128.4499969482422,126.0,126.4000015258789,126.4000015258789,27636
2023-06-30,126.4000015258789,128.9499969482422,126.4000015258789,127.75,127.75,37718
2023-07-03,127.75,131.4499969482422,124.75,125.94999694824219,125.94999694824219,83130
2023-07-04,126.80000305175781,127.80000305175781,125.25,126.69999694824219,126.69999694824219,61640
2023-07-05,126.75,128.0,125.75,126.5,126.5,25929
2023-07-06,125.0999984741211,127.69999694824219,125.0999984741211,126.0999984741211,126.0999984741211,30036
2023-07-07,126.0999984741211,127.75,125.0999984741211,126.19999694824219,126.19999694824219,37685
2023-07-10,127.1500015258789,127.1500015258789,124.3499984741211,125.05000305175781,125.05000305175781,27095
2023-07-11,125.80000305175781,126.80000305175781,124.19999694824219,125.0,125.0,37443
2023-07-12,125.9000015258789,126.25,124.55000305175781,125.0999984741211,125.0999984741211,21094
2023-07-13,124.55000305175781,129.39999389648438,124.55000305175781,126.8499984741211,126.8499984741211,65012
2023-07-14,127.5999984741211,127.69999694824219,125.44999694824219,125.80000305175781,125.80000305175781,35880
2023-07-17,126.80000305175781,129.39999389648438,123.8499984741211,125.30000305175781,125.30000305175781,81288
2023-07-18,126.30000305175781,126.4000015258789,124.55000305175781,125.30000305175781,125.30000305175781,34570
2023-07-19,126.1500015258789,126.80000305175781,125.0,125.19999694824219,125.19999694824219,34024
2023-07-20,126.05000305175781,127.55000305175781,124.9000015258789,125.19999694824219,125.19999694824219,50302
2023-07-21,124.9000015258789,126.9000015258789,124.6500015258789,125.44999694824219,125.44999694824219,38989
2023-07-24,126.19999694824219,126.5,122.05000305175781,122.80000305175781,122.80000305175781,66766
2023-07-25,122.94999694824219,123.44999694824219,121.0999984741211,121.6500015258789,121.6500015258789,39080
2023-07-26,122.5999984741211,124.6500015258789,121.8499984741211,122.30000305175781,122.30000305175781,39468
2023-07-27,121.30000305175781,126.8499984741211,121.30000305175781,125.30000305175781,125.30000305175781,106501
2023-07-28,125.5,135.0,124.80000305175781,133.85000610351562,133.85000610351562,265741
2023-07-31,135.6999969482422,139.0,130.5500030517578,131.5,131.5,328178
2023-08-01,132.39999389648438,136.64999389648438,131.0,131.8000030517578,131.8000030517578,150440
2023-08-02,131.8000030517578,133.5500030517578,128.25,130.10000610351562,130.10000610351562,75743
2023-08-03,128.8000030517578,137.1999969482422,128.8000030517578,135.35000610351562,135.35000610351562,268843
2023-08-04,138.0,138.14999389648438,133.0,133.4499969482422,133.4499969482422,96219
2023-08-07,133.89999389648438,136.0,132.60000610351562,133.1999969482422,133.1999969482422,60074
2023-08-08,133.25,134.5500030517578,130.39999389648438,132.3000030517578,132.3000030517578,66439
2023-08-09,136.3000030517578,136.3000030517578,131.10000610351562,134.8000030517578,134.8000030517578,149697
2023-08-10,135.8000030517578,140.60000610351562,131.10000610351562,131.64999389648438,131.64999389648438,323498
2023-08-11,132.8000030517578,139.0,129.3000030517578,136.64999389648438,136.64999389648438,244703
2023-08-14,139.6999969482422,140.25,129.9499969482422,130.6999969482422,130.6999969482422,323399
2023-08-16,131.39999389648438,132.9499969482422,129.5,129.9499969482422,129.9499969482422,129710
2023-08-17,130.60000610351562,132.25,128.89999389648438,129.5,129.5,95817
2023-08-18,129.5,130.8000030517578,126.80000305175781,127.75,127.75,92483
2023-08-21,128.39999389648438,135.0,127.0999984741211,132.85000610351562,132.85000610351562,121472
2023-08-22,135.0,159.39999389648438,130.25,158.60000610351562,158.60000610351562,1631383
2023-08-23,161.75,163.0,137.1999969482422,138.89999389648438,138.89999389648438,3501037
2023-08-24,141.0,144.6999969482422,136.10000610351562,137.10000610351562,137.10000610351562,682296
2023-08-25,137.5500030517578,141.60000610351562,136.5500030517578,139.35000610351562,139.35000610351562,295527
2023-08-28,141.39999389648438,141.5500030517578,137.60000610351562,138.35000610351562,138.35000610351562,159930
2023-08-29,139.39999389648438,141.0,138.14999389648438,138.75,138.75,153133
2023-08-30,139.39999389648438,140.85000610351562,136.5500030517578,137.10000610351562,137.10000610351562,222877
2023-08-31,138.0,138.4499969482422,135.10000610351562,136.0,136.0,109194
2023-09-01,136.14999389648438,137.8000030517578,133.9499969482422,134.85000610351562,134.85000610351562,214796
2023-09-04,135.8000030517578,138.0500030517578,134.0500030517578,134.8000030517578,134.8000030517578,195757
2023-09-05,135.0500030517578,144.89999389648438,134.0500030517578,136.60000610351562,136.60000610351562,961974
2023-09-06,137.35000610351562,140.6999969482422,134.75,135.25,135.25,566523
2023-09-07,136.5,138.0,133.89999389648438,134.60000610351562,134.60000610351562,463534
2023-09-08,135.6999969482422,135.85000610351562,133.3000030517578,133.8000030517578,133.8000030517578,164404
2023-09-11,134.89999389648438,143.0,133.14999389648438,135.0,135.0,1659766
2023-09-12,135.85000610351562,137.75,129.3000030517578,130.25,130.25,574127
2023-09-13,131.10000610351562,135.4499969482422,129.35000610351562,133.1999969482422,133.1999969482422,349828
2023-09-14,134.3000030517578,141.5,134.10000610351562,140.3000030517578,140.3000030517578,1254400
2023-09-15,141.64999389648438,151.0,138.0,145.89999389648438,145.89999389648438,3554384
2023-09-18,149.0,171.5,149.0,165.0500030517578,165.0500030517578,19860535
2023-09-20,160.0,166.35000610351562,155.64999389648438,162.35000610351562,162.35000610351562,6873152
2023-09-21,162.0500030517578,173.5,153.9499969482422,155.35000610351562,155.35000610351562,8770594
2023-09-22,157.0,162.4499969482422,153.39999389648438,156.8000030517578,156.8000030517578,1423933
2023-09-25,157.9499969482422,163.0500030517578,150.5,160.5500030517578,160.5500030517578,2461550
2023-09-26,160.0,164.25,154.64999389648438,156.6999969482422,156.6999969482422,2834131
2023-09-27,158.0,161.39999389648438,153.8000030517578,158.9499969482422,158.9499969482422,811425
2023-09-28,159.75,160.6999969482422,156.39999389648438,157.39999389648438,157.39999389648438,407062
2023-09-29,158.0,169.0,156.75,166.5500030517578,166.5500030517578,1275580
2023-10-03,167.6999969482422,172.6999969482422,162.0500030517578,169.0,169.0,1616295
2023-10-04,168.0,169.5,161.6999969482422,165.85000610351562,165.85000610351562,649023
2023-10-05,167.85000610351562,179.0,165.60000610351562,177.64999389648438,177.64999389648438,1822199
2023-10-06,178.1999969482422,181.0,174.5500030517578,176.89999389648438,176.89999389648438,957660
2023-10-09,176.0,176.0,167.85000610351562,169.3000030517578,169.3000030517578,633177
2023-10-10,170.9499969482422,174.5,168.1999969482422,171.60000610351562,171.60000610351562,345026
2023-10-11,172.9499969482422,173.0500030517578,169.0,169.60000610351562,169.60000610351562,357714
2023-10-12,169.5,175.4499969482422,169.39999389648438,171.9499969482422,171.9499969482422,522394
2023-10-13,165.9499969482422,173.0,162.60000610351562,169.64999389648438,169.64999389648438,578558
2023-10-16,166.3000030517578,173.0,166.3000030517578,169.0500030517578,169.0500030517578,243044
2023-10-17,170.39999389648438,171.8000030517578,167.4499969482422,168.14999389648438,168.14999389648438,250656
2023-10-18,168.5500030517578,170.5,164.10000610351562,166.0500030517578,166.0500030517578,208342
2023-10-19,165.0500030517578,167.6999969482422,163.14999389648438,166.10000610351562,166.10000610351562,142010
2023-10-20,167.5,167.5,157.35000610351562,160.35000610351562,160.35000610351562,493307
2023-10-23,159.0,161.6999969482422,146.10000610351562,147.5,147.5,492169
2023-10-25,151.85000610351562,152.89999389648438,145.0500030517578,147.6999969482422,147.6999969482422,267865
2023-10-26,147.64999389648438,150.0,140.9499969482422,148.0500030517578,148.0500030517578,241336
2023-10-27,149.6999969482422,154.0,147.0500030517578,153.3000030517578,153.3000030517578,195064
2023-10-30,157.0,157.9499969482422,153.64999389648438,156.0500030517578,156.0500030517578,150239
2023-10-31,156.0500030517578,157.5,147.64999389648438,151.39999389648438,151.39999389648438,128013
2023-11-01,151.39999389648438,154.14999389648438,148.35000610351562,149.9499969482422,149.9499969482422,102009
2023-11-02,150.39999389648438,152.39999389648438,150.3000030517578,151.10000610351562,151.10000610351562,68187
2023-11-03,151.5,157.0500030517578,151.3000030517578,154.5,154.5,155170
2023-11-06,155.0,162.3000030517578,153.4499969482422,158.25,158.25,203948
2023-11-07,157.5500030517578,160.25,156.14999389648438,158.14999389648438,158.14999389648438,90849
2023-11-08,158.0500030517578,163.25,157.64999389648438,159.25,159.25,152288
2023-11-09,160.0,160.0,155.35000610351562,156.39999389648438,156.39999389648438,89788
2023-11-10,160.89999389648438,161.0,153.0,157.6999969482422,157.6999969482422,227256
2023-11-13,159.1999969482422,159.8000030517578,155.75,157.14999389648438,157.14999389648438,95975
2023-11-15,158.10000610351562,159.5,155.5,156.0500030517578,156.0500030517578,99516
2023-11-16,156.75,157.10000610351562,153.9499969482422,154.75,154.75,72564
2023-11-17,155.5,155.8000030517578,150.25,152.14999389648438,152.14999389648438,99756
2023-11-20,152.14999389648438,156.89999389648438,152.14999389648438,153.64999389648438,153.64999389648438,76522
2023-11-21,154.25,155.10000610351562,150.10000610351562,151.0500030517578,151.0500030517578,118456
2023-11-22,151.89999389648438,153.75,149.60000610351562,150.3000030517578,150.3000030517578,83964
2023-11-23,151.75,159.8000030517578,151.14999389648438,156.25,156.25,252132
2023-11-24,157.0,165.6999969482422,157.0,162.5500030517578,162.5500030517578,502794
2023-11-28,163.3000030517578,166.0500030517578,158.0,160.25,160.25,193157
2023-11-29,160.25,161.1999969482422,157.8000030517578,158.8000030517578,158.8000030517578,70393
2023-11-30,159.3000030517578,160.5,155.6999969482422,156.60000610351562,156.60000610351562,93594
2023-12-01,156.60000610351562,163.14999389648438,156.60000610351562,160.75,160.75,486916
2023-12-04,162.5,176.39999389648438,161.39999389648438,170.9499969482422,170.9499969482422,1260606
2023-12-05,171.9499969482422,175.5,168.85000610351562,171.35000610351562,171.35000610351562,367821
2023-12-06,171.25,171.25,166.60000610351562,168.14999389648438,168.14999389648438,146405
2023-12-07,169.0,178.39999389648438,168.1999969482422,175.75,175.75,580052
2023-12-08,176.0500030517578,177.10000610351562,167.0,169.4499969482422,169.4499969482422,253506
2023-12-11,169.4499969482422,174.0,165.5,169.8000030517578,169.8000030517578,387893
2023-12-12,170.1999969482422,172.64999389648438,165.0,166.9499969482422,166.9499969482422,169547
2023-12-13,167.60000610351562,168.6999969482422,165.0,166.60000610351562,166.60000610351562,103034
2023-12-14,167.39999389648438,167.39999389648438,162.0,163.0500030517578,163.0500030517578,273996
2023-12-15,173.0,177.4499969482422,166.10000610351562,167.25,167.25,1102471
2023-12-18,169.75,170.9499969482422,167.3000030517578,170.39999389648438,170.39999389648438,233864
2023-12-19,172.0,172.0500030517578,164.0500030517578,165.0500030517578,165.0500030517578,306219
2023-12-20,167.0500030517578,167.0500030517578,151.60000610351562,155.64999389648438,155.64999389648438,355799
2023-12-21,155.64999389648438,166.85000610351562,153.8000030517578,163.39999389648438,163.39999389648438,430215
2023-12-22,164.6999969482422,165.3000030517578,155.0,158.85000610351562,158.85000610351562,348978
2023-12-26,160.0,176.6999969482422,159.89999389648438,172.6999969482422,172.6999969482422,1407961
2023-12-27,173.60000610351562,174.5,167.39999389648438,169.0500030517578,169.0500030517578,292439
2023-12-28,170.64999389648438,170.89999389648438,166.0,168.39999389648438,168.39999389648438,200997
2023-12-29,167.1999969482422,171.9499969482422,166.5500030517578,167.89999389648438,167.89999389648438,213221
2024-01-01,168.8000030517578,178.0,167.9499969482422,172.75,172.75,790422
2024-01-02,172.85000610351562,176.4499969482422,170.14999389648438,172.14999389648438,172.14999389648438,511772
2024-01-03,173.0500030517578,201.85000610351562,170.5,188.4499969482422,188.4499969482422,2179464
2024-01-04,189.9499969482422,202.5,187.64999389648438,199.10000610351562,199.10000610351562,1789984
2024-01-05,198.89999389648438,199.10000610351562,188.10000610351562,192.10000610351562,192.10000610351562,486239
2024-01-08,193.14999389648438,196.6999969482422,186.0,187.6999969482422,187.6999969482422,434836
2024-01-09,189.10000610351562,194.89999389648438,187.6999969482422,189.3000030517578,189.3000030517578,297468
2024-01-10,190.39999389648438,191.0,182.85000610351562,185.60000610351562,185.60000610351562,239461
2024-01-11,187.85000610351562,190.60000610351562,186.0500030517578,188.5500030517578,188.5500030517578,118086
2024-01-12,189.5500030517578,194.0,186.64999389648438,188.0500030517578,188.0500030517578,226019
2024-01-15,188.75,196.3000030517578,178.3000030517578,181.6999969482422,181.6999969482422,1027663
2024-01-16,183.9499969482422,184.4499969482422,169.0,170.60000610351562,170.60000610351562,1066622
2024-01-17,169.60000610351562,173.3000030517578,163.89999389648438,167.39999389648438,167.39999389648438,606105
2024-01-18,167.39999389648438,172.85000610351562,163.3000030517578,170.75,170.75,296363
2024-01-19,172.10000610351562,173.1999969482422,166.10000610351562,167.5,167.5,208286
2024-01-23,167.9499969482422,173.25,160.10000610351562,161.6999969482422,161.6999969482422,367519
2024-01-24,163.9499969482422,166.75,159.5500030517578,164.89999389648438,164.89999389648438,193116
2024-01-25,165.0500030517578,166.64999389648438,162.60000610351562,163.3000030517578,163.3000030517578,138965
2024-01-29,164.64999389648438,166.89999389648438,163.1999969482422,165.25,165.25,221775
2024-01-30,166.5,167.89999389648438,163.0,163.5500030517578,163.5500030517578,157135
2024-01-31,164.89999389648438,165.3000030517578,163.4499969482422,164.5,164.5,103346
2024-02-01,165.9499969482422,166.25,162.5,163.5,163.5,182438
2024-02-02,161.5,169.6999969482422,161.5,164.64999389648438,164.64999389648438,466924
2024-02-05,165.0,166.64999389648438,161.0500030517578,161.8000030517578,161.8000030517578,165011
2024-02-06,161.8000030517578,164.14999389648438,160.35000610351562,160.85000610351562,160.85000610351562,187486
2024-02-07,168.9499969482422,168.9499969482422,160.0,160.6999969482422,160.6999969482422,239784
2024-02-08,160.75,164.8000030517578,159.10000610351562,160.1999969482422,160.1999969482422,229358
2024-02-09,160.1999969482422,161.1999969482422,153.3000030517578,155.89999389648438,155.89999389648438,213723
2024-02-12,155.89999389648438,159.25,150.0500030517578,151.0500030517578,151.0500030517578,187215
2024-02-13,152.5,154.6999969482422,145.5,148.8000030517578,148.8000030517578,197301
2024-02-14,146.0,150.8000030517578,145.1999969482422,148.5,148.5,202625
2024-02-15,149.8000030517578,152.8000030517578,149.1999969482422,149.9499969482422,149.9499969482422,102576
2024-02-16,150.89999389648438,164.39999389648438,150.35000610351562,159.85000610351562,159.85000610351562,767006
2024-02-19,160.6999969482422,160.6999969482422,157.10000610351562,157.89999389648438,157.89999389648438,112267
2024-02-20,158.1999969482422,165.0,157.0,162.8000030517578,162.8000030517578,282601
2024-02-21,163.0,164.0,157.75,158.75,158.75,148923
2024-02-22,159.0,162.1999969482422,156.39999389648438,160.5500030517578,160.5500030517578,85256
2024-02-23,160.1999969482422,165.60000610351562,159.5500030517578,162.4499969482422,162.4499969482422,204701
2024-02-26,162.8000030517578,165.75,161.14999389648438,163.6999969482422,163.6999969482422,144401
2024-02-27,164.0500030517578,166.6999969482422,158.10000610351562,159.0500030517578,159.0500030517578,173785
2024-02-28,159.39999389648438,160.8000030517578,151.10000610351562,151.89999389648438,151.89999389648438,186066
2024-02-29,152.39999389648438,153.64999389648438,149.60000610351562,152.60000610351562,152.60000610351562,92631
2024-03-01,152.75,154.9499969482422,152.0500030517578,153.60000610351562,153.60000610351562,61874
2024-03-04,155.35000610351562,156.35000610351562,150.89999389648438,151.4499969482422,151.4499969482422,74549
2024-03-05,151.4499969482422,152.3000030517578,147.85000610351562,148.25,148.25,108524
2024-03-06,148.25,149.14999389648438,141.0500030517578,143.75,143.75,154686
2024-03-07,144.5,149.9499969482422,144.4499969482422,148.8000030517578,148.8000030517578,86342
2024-03-11,149.0,149.0500030517578,142.35000610351562,143.4499969482422,143.4499969482422,102575
2024-03-12,144.0,145.1999969482422,134.0500030517578,135.25,135.25,226930
2024-03-13,135.25,137.60000610351562,129.9499969482422,132.10000610351562,132.10000610351562,542410
2024-03-14,134.0500030517578,139.0,131.0500030517578,135.1999969482422,135.1999969482422,289609
2024-03-15,135.14999389648438,136.64999389648438,130.0,134.5500030517578,134.5500030517578,111480
2024-03-18,132.6999969482422,140.6999969482422,132.6999969482422,137.1999969482422,137.1999969482422,214543
2024-03-19,136.89999389648438,139.5,134.5500030517578,135.75,135.75,150680
2024-03-20,136.6999969482422,139.0500030517578,131.8000030517578,136.5500030517578,136.5500030517578,275346
2024-03-21,139.0,139.25,134.0,134.5,134.5,114403
2024-03-22,135.0,136.0500030517578,132.35000610351562,133.3000030517578,133.3000030517578,165154
2024-03-26,133.3000030517578,134.1999969482422,125.25,126.4000015258789,126.4000015258789,337388
2024-03-27,127.05000305175781,128.9499969482422,122.19999694824219,123.5,123.5,523114
2024-03-28,123.9000015258789,127.5999984741211,120.30000305175781,121.55000305175781,121.55000305175781,300190
2024-04-01,121.9000015258789,133.10000610351562,121.9000015258789,132.25,132.25,207941
2024-04-02,132.25,135.8000030517578,130.60000610351562,135.25,135.25,137748
2024-04-03,134.0,139.8000030517578,131.0,138.5500030517578,138.5500030517578,167058
2024-04-04,139.0,144.64999389648438,136.9499969482422,143.35000610351562,143.35000610351562,226179
2024-04-05,143.0,146.5,140.5,145.25,145.25,138769
2024-04-08,146.0,146.89999389648438,142.3000030517578,142.9499969482422,142.9499969482422,68059
2024-04-09,143.25,161.25,142.5500030517578,144.4499969482422,144.4499969482422,799356
2024-04-10,145.3000030517578,148.14999389648438,144.0500030517578,146.0,146.0,133221
2024-04-12,145.4499969482422,147.1999969482422,143.10000610351562,144.1999969482422,144.1999969482422,88324
2024-04-15,143.0,143.0,136.75,137.4499969482422,137.4499969482422,121914
2024-04-16,135.8000030517578,140.64999389648438,135.8000030517578,138.89999389648438,138.89999389648438,58545
2024-04-18,139.60000610351562,141.60000610351562,136.5,137.4499969482422,137.4499969482422,62145
2024-04-19,135.8000030517578,137.89999389648438,134.6999969482422,136.39999389648438,136.39999389648438,99265
2024-04-22,137.5,139.9499969482422,137.14999389648438,138.0,138.0,72809
2024-04-23,138.6999969482422,139.8000030517578,137.0,138.10000610351562,138.10000610351562,66640
2024-04-24,139.0,146.5,138.10000610351562,141.9499969482422,141.9499969482422,136774
2024-04-25,142.0,149.89999389648438,140.6999969482422,146.5,146.5,418127
2024-04-26,147.14999389648438,148.5,143.0,143.64999389648438,143.64999389648438,87780
2024-04-29,144.10000610351562,146.4499969482422,142.0,142.6999969482422,142.6999969482422,78384
2024-04-30,143.0,144.8000030517578,141.0,141.39999389648438,141.39999389648438,78252
2024-05-02,142.6999969482422,143.3000030517578,139.8000030517578,140.64999389648438,140.64999389648438,65287
2024-05-03,141.0,142.5,139.0500030517578,140.14999389648438,140.14999389648438,52255
2024-05-06,140.1999969482422,140.8000030517578,138.10000610351562,138.5500030517578,138.5500030517578,30432
2024-05-07,138.6999969482422,141.0,137.10000610351562,138.0500030517578,138.0500030517578,45481
2024-05-08,138.0,140.35000610351562,136.0,137.0500030517578,137.0500030517578,65506
2024-05-09,137.89999389648438,138.75,132.10000610351562,133.10000610351562,133.10000610351562,70996
2024-05-10,133.75,135.0,131.75,132.6999969482422,132.6999969482422,99399
2024-05-13,132.14999389648438,138.89999389648438,130.10000610351562,136.14999389648438,136.14999389648438,66628
2024-05-14,136.14999389648438,138.39999389648438,132.1999969482422,133.85000610351562,133.85000610351562,82357
2024-05-15,134.25,141.35000610351562,134.25,136.85000610351562,136.85000610351562,132906
2024-05-16,137.0500030517578,138.8000030517578,134.35000610351562,136.1999969482422,136.1999969482422,67342
2024-05-17,136.1999969482422,138.0500030517578,135.1999969482422,136.9499969482422,136.9499969482422,47749
